Source	Target	Kin	Label	Type
10879	33843	N	Biographer of	Directed
10879	33843	N	Biographer of	Directed
10879	35003	N	Friend of	Directed
10879	56579	N	Wrote kuangji (Grave Inscription) for	Directed
10879	65899	N	Biographer of	Directed
10879	68364	N	Biographer of	Directed
10879	124005	N	Tongxue was	Directed
24569	270804	K	B+	Directed
24569	270806	K	B+	Directed
26218	26220	K	S1	Directed
26218	265376	K	W	Directed
26218	265377	K	B-	Directed
28807	28808	K	S	Directed
28825	28826	K	K-1(male)	Directed
28825	29577	N	Departure note sent to	Directed
28825	30374	N	Departure note sent to	Directed
28825	34166	N	Departure note sent to	Directed
28825	34534	N	Departure note sent to	Directed
28825	67905	N	Departure note sent to	Directed
28825	68049	N	Departure note sent to	Directed
28825	68070	N	Congratulatory note sent to	Directed
28825	68132	N	Presented literary composition as gift to	Directed
28825	68194	N	Presented literary composition as gift to	Directed
28825	68238	N	Departure note sent to	Directed
28825	68240	N	Departure note sent to	Directed
28825	68244	N	wrote preface for the literary works of	Directed
28825	68280	N	Departure note sent to	Directed
28825	68287	N	Departure note sent to	Directed
28825	68289	N	Departure note sent to	Directed
28825	68292	N	Departure note sent to	Directed
28825	68328	N	Departure note sent to	Directed
28825	68335	N	Departure note sent to	Directed
28825	68352	N	Departure note sent to	Directed
28825	68456	N	Departure note sent to	Directed
28825	68456	N	Departure note sent to	Directed
28825	68482	N	Wrote Shrine inscription for	Directed
28825	125411	N	Presented literary composition as gift to	Directed
28825	127325	N	Departure note sent to	Directed
28825	127325	N	praised the political accomplishments of	Directed
28825	127955	N	Departure note sent to	Directed
28825	127955	N	Presented literary composition as gift to	Directed
28825	128223	N	Departure note sent to	Directed
28825	128901	N	Departure note sent to	Directed
28825	129522	N	praised the political accomplishments of	Directed
28825	129727	N	Departure note sent to	Directed
28825	130937	N	Departure note sent to	Directed
28825	131001	N	Departure note sent to	Directed
28825	131191	N	Departure note sent to	Directed
28825	131402	N	Departure note sent to	Directed
28825	131495	N	Departure note sent to	Directed
28825	132156	N	Congratulatory note sent to	Directed
28825	132342	N	Departure note sent to	Directed
28825	132829	N	Departure note sent to	Directed
28825	132973	N	Congratulatory note sent to	Directed
28825	133063	N	Presented literary composition as gift to	Directed
28825	133434	N	Explanation of capping name (zixu or zishuo) composed for	Directed
28825	133434	N	Departure note sent to	Directed
28825	133464	N	Departure note sent to	Directed
28825	133705	N	Departure note sent to	Directed
28825	275477	K	W	Directed
28825	275478	K	B+	Directed
28825	275479	K	B-	Directed
28825	275480	K	B-	Directed
28825	275481	K	B-	Directed
28825	275482	K	B-	Directed
28825	275483	K	B-	Directed
28825	275484	K	B-	Directed
28825	275485	K	B-	Directed
28825	275486	K	B-	Directed
28826	28825	N	Student of	Directed
28826	28825	N	Biographer of	Directed
28826	130754	N	Biographer of	Directed
28826	130832	N	Biographer of	Directed
28826	131549	N	Wrote Biographical sketch (xingzhuang) for	Directed
28826	133285	N	Biographer of	Directed
28826	133485	N	praised the political accomplishments of	Directed
29574	118809	K	W2	Directed
29574	279968	K	W	Directed
29574	279969	K	W2	Directed
29574	279970	K	B+	Directed
29574	279971	K	B+	Directed
29574	279972	K	B+	Directed
29574	279973	K	B+	Directed
29574	279976	K	B+	Directed
29574	279977	K	B-	Directed
29574	279978	K	B-	Directed
29574	279979	K	B-	Directed
29574	279980	K	B-	Directed
29575	29576	K	F	Directed
29575	30284	N	Wrote inscription for writings of	Directed
29575	34263	N	Prefaced book by	Directed
29575	34682	N	Presented literary composition as gift to	Directed
29575	35127	N	Biographer of	Directed
29575	124893	N	Prefaced book by	Directed
29575	124893	N	Prefaced book by	Directed
29575	128488	N	Biographer of	Directed
29575	128820	N	Biographer of	Directed
29575	129770	N	Presented literary composition as gift to	Directed
29575	129902	N	Charitable estate stele written for	Directed
29575	131175	N	Prefaced book by	Directed
29578	29579	K	F	Directed
29578	30849	N	Prefaced book by	Directed
29578	30849	N	Postface written for book by	Directed
29578	30849	N	Biographer of	Directed
29578	30849	N	Biographer of	Directed
29578	30849	N	wrote colophon to the writings of	Directed
29578	30849	N	wrote colophon to the family biography of	Directed
29578	34734	N	Prefaced book by	Directed
29578	124967	N	Prefaced book by	Directed
29578	127541	N	Prefaced book by	Directed
29579	228584	K	F	Directed
29579	228585	K	M	Directed
29579	228589	K	B-	Directed
29579	228590	K	S	Directed
29579	228591	K	S	Directed
29579	228592	K	S	Directed
29584	56573	N	Prefaced book by	Directed
29589	29590	K	S	Directed
29589	29751	N	Wrote Biographical sketch (xingzhuang) for	Directed
29590	29589	N	Nianpu composed for	Directed
29590	329275	K	F	Directed
29590	329281	K	B+	Directed
29590	329282	K	B+	Directed
29590	329283	K	B+	Directed
29590	329284	K	B+	Directed
29590	329285	K	B+	Directed
29590	329286	K	B+	Directed
29590	329288	K	B-	Directed
29590	329289	K	B-	Directed
29590	329290	K	B-	Directed
29604	29606	K	S	Directed
29605	29604	K	F	Directed
29605	29606	K	B-	Directed
29605	68363	N	Biographer of	Directed
29605	126604	N	Biographer of	Directed
29605	127530	N	Biographer of	Directed
29605	127530	N	Presented literary composition as gift to	Directed
29605	127530	N	Composed Building inscription for	Directed
29605	127530	N	Composed Building inscription for	Directed
29605	128983	N	Presented literary composition as gift to	Directed
29605	129206	N	Biographer of	Directed
29605	129426	N	Presented literary composition as gift to	Directed
29605	131054	N	Presented literary composition as gift to	Directed
29721	67157	N	Wrote Funerary stele for	Directed
29721	130914	N	Wrote Funerary stele for	Directed
29721	326556	K	F	Directed
29721	326557	K	M	Directed
29721	326558	K	W	Directed
29721	326559	K	B-	Directed
29721	326560	K	B-	Directed
29721	326561	K	B-	Directed
29751	34673	N	Postscripted calligraphy or painting of	Directed
29751	68410	N	Departure note sent to	Directed
29751	68461	N	Lamentation prayer written for	Directed
29751	126814	N	Departure note sent to	Directed
29751	127880	N	Departure note sent to	Directed
29751	128289	N	Departure note sent to	Directed
29751	129183	N	Departure note sent to	Directed
29751	130203	N	Departure note sent to	Directed
29751	131191	N	Departure note sent to	Directed
29751	131629	N	Departure note sent to	Directed
29751	132383	N	Congratulatory note sent to	Directed
29751	132554	N	Departure note sent to	Directed
29751	133119	N	Wrote Biographical sketch (xingzhuang) for	Directed
29751	133130	K	B-	Directed
29751	133164	N	Prefaced book by	Directed
29751	133164	N	Departure note sent to	Directed
29751	133164	N	Composed Building inscription for	Directed
29751	203086	K	B+	Directed
29751	294355	K	F	Directed
29751	294356	K	M	Directed
29751	294357	K	W	Directed
29751	294358	K	B+	Directed
29751	294359	K	B+	Directed
29751	294360	K	B+	Directed
29751	294361	K	B+	Directed
29751	294362	K	B+	Directed
29751	294365	K	B-	Directed
29751	294366	K	S	Directed
29751	294367	K	S	Directed
30142	30143	K	BS	Directed
30142	222076	K	F	Directed
30142	222080	K	B+	Directed
30142	222081	K	B+	Directed
30142	222083	K	B+	Directed
30142	222084	K	B+	Directed
30142	222085	K	B+	Directed
30142	222086	K	B-	Directed
30143	233254	K	F	Directed
30143	233257	K	M	Directed
30143	233260	K	B-	Directed
30143	233261	K	B-	Directed
30143	233262	K	B-	Directed
30143	233263	K	B-	Directed
30143	233264	K	B-	Directed
30143	233265	K	B-	Directed
30143	233267	K	B-	Directed
30147	30146	K	F	Directed
30147	333684	K	F	Directed
30147	333685	K	M	Directed
30147	333688	K	B-	Directed
30147	333690	K	B-	Directed
30184	30185	K	S	Directed
30184	30186	K	S	Directed
30184	126791	N	Wrote Biographical sketch (xingzhuang) for	Directed
30184	305241	K	F	Directed
30184	305242	K	M	Directed
30184	305243	K	W	Directed
30185	30186	K	B-	Directed
30185	130733	N	Biographer of	Directed
30185	132148	N	Wrote Biographical sketch (xingzhuang) for	Directed
30186	30187	K	S	Directed
30187	91885	K	S	Directed
30203	30204	K	B-	Directed
30203	30205	K	S	Directed
30210	30211	K	S	Directed
30211	30214	K	SS	Directed
30239	30185	N	Biographer of	Directed
30239	30185	N	Postscripted calligraphy or painting of	Directed
30239	30187	N	Departure note sent to	Directed
30239	30240	N	Wrote Portrait eulogy for	Directed
30239	30602	N	Lamentation prayer written for	Directed
30239	30689	N	Congratulatory note sent to	Directed
30239	30849	N	Wrote Funerary stele for	Directed
30239	34682	N	Presented literary composition as gift to	Directed
30239	34746	N	Wrote Funerary stele for	Directed
30239	34747	N	Wrote School stele for	Directed
30239	34752	N	Prefaced book by	Directed
30239	34787	N	Biographer of	Directed
30239	56573	K	C	Directed
30239	56589	N	Presented literary composition as gift to	Directed
30239	59750	N	Prefaced book by	Directed
30239	63342	N	Presented literary composition as gift to	Directed
30239	63882	N	Wrote Biographical sketch (xingzhuang) for	Directed
30239	84137	N	Presented literary composition as gift to	Directed
30239	88393	N	Biographer of	Directed
30239	88393	N	Presented literary composition as gift to	Directed
30239	88393	N	wrote preface for the literary works of	Directed
30239	88407	N	Prefaced book by	Directed
30239	123385	N	Wrote Funerary stele for	Directed
30239	123385	N	Presented literary composition as gift to	Directed
30239	123710	N	Wrote Biographical sketch (xingzhuang) for	Directed
30239	123974	N	Wrote Funerary stele for	Directed
30239	124068	N	Wrote Funerary stele for	Directed
30239	125311	N	Prefaced book by	Directed
30239	126967	N	Wrote Portrait eulogy for	Directed
30239	126967	N	Presented literary composition as gift to	Directed
30239	127432	N	Biographer of	Directed
30239	127987	N	Presented literary composition as gift to	Directed
30239	128820	N	Wrote Funerary stele for	Directed
30239	129892	N	Biographer of	Directed
30239	129935	N	Wrote Funerary stele for	Directed
30239	130245	N	Biographer of	Directed
30239	130249	N	Wrote Funerary stele for	Directed
30239	131375	N	Congratulatory note sent to	Directed
30239	131606	N	Postface written for book by	Directed
30239	131606	N	Wrote Funerary stele for	Directed
30239	131951	N	Presented literary composition as gift to	Directed
30239	132041	N	Presented literary composition as gift to	Directed
30239	132051	N	Presented literary composition as gift to	Directed
30239	132148	N	Prefaced book by	Directed
30239	132148	N	Wrote Funerary stele for	Directed
30239	132172	N	Postface written for book by	Directed
30239	132289	N	Wrote Biographical sketch (xingzhuang) for	Directed
30239	133009	N	Biographer of	Directed
30239	133009	N	Buddhist temple stele written for	Directed
30239	133009	N	Buddhist temple stele written for	Directed
30239	133088	N	Wrote Funerary stele for	Directed
30239	133106	N	Wrote Portrait eulogy for	Directed
30239	133345	N	Wrote Funerary stele for	Directed
30239	133367	N	Wrote Biographical sketch (xingzhuang) for	Directed
30239	133452	N	Presented literary composition as gift to	Directed
30239	133519	N	Prefaced book by	Directed
30240	29721	N	Congratulatory note sent to	Directed
30240	30209	N	Prefaced book by	Directed
30240	30664	N	Wrote Biographical sketch (xingzhuang) for	Directed
30240	33828	N	Congratulatory note sent to	Directed
30240	33828	N	praised the political accomplishments of	Directed
30240	33828	N	Wrote Shrine inscription for	Directed
30240	34901	N	Prefaced book by	Directed
30240	35112	N	Biographer of	Directed
30240	35220	N	Presented literary composition as gift to	Directed
30240	118816	N	Presented literary composition as gift to	Directed
30240	123964	N	Presented literary composition as gift to	Directed
30240	124309	N	Prefaced book by	Directed
30240	125309	N	Biographer of	Directed
30240	126420	N	Prefaced book by	Directed
30240	127075	N	Congratulatory note sent to	Directed
30240	127162	N	Wrote Biographical sketch (xingzhuang) for	Directed
30240	127265	N	Wrote Biographical sketch (xingzhuang) for	Directed
30240	127530	N	Prefaced book by	Directed
30240	127558	N	Wrote Biographical sketch (xingzhuang) for	Directed
30240	127558	N	wrote preface for the literary works of	Directed
30240	127821	N	Wrote Biographical sketch (xingzhuang) for	Directed
30240	128087	N	Congratulatory note sent to	Directed
30240	130665	N	Biographer of	Directed
30240	130885	N	wrote preface for the literary works of	Directed
30240	131374	N	Studied writings of	Directed
30240	131374	N	Wrote inscription for writings of	Directed
30240	132075	N	Prefaced book by	Directed
30240	132670	N	Congratulatory note sent to	Directed
30240	132670	N	Presented literary composition as gift to	Directed
30240	133657	N	Presented literary composition as gift to	Directed
30240	215505	K	F	Directed
30240	215506	K	M	Directed
30240	215507	K	W	Directed
30240	215508	K	W2	Directed
30240	215509	K	B-	Directed
30240	215510	K	B-	Directed
30240	215511	K	B-	Directed
30240	215512	K	B-	Directed
30241	30242	K	S1	Directed
30241	30243	K	S2	Directed
30242	30241	K	F	Directed
30243	30241	K	F	Directed
30243	69251	N	Biographer of	Directed
30243	123984	N	Biographer of	Directed
30243	126759	N	Biographer of	Directed
30243	131412	N	Biographer of	Directed
30243	211067	K	F	Directed
30243	211072	K	B+	Directed
30243	211073	K	B+	Directed
30243	211074	K	B+	Directed
30243	211075	K	B+	Directed
30243	211076	K	B+	Directed
30243	211077	K	B+	Directed
30243	211078	K	B+	Directed
30243	211079	K	B+	Directed
30243	211080	K	B-	Directed
30244	30245	K	S	Directed
30284	30291	K	BS	Directed
30284	30291	K	S*	Directed
30284	30292	K	S1	Directed
30284	30293	K	S2	Directed
30284	30294	K	S3	Directed
30284	30295	K	D1H	Directed
30284	30296	K	D2H	Directed
30284	30297	K	D3H	Directed
30284	68457	N	Presented literary composition as gift to	Directed
30284	124884	N	Biographer of	Directed
30284	127067	N	Presented literary composition as gift to	Directed
30290	30291	K	S2	Directed
30291	30290	K	F	Directed
30315	30316	K	S	Directed
30315	128816	N	Departure note sent to	Directed
30315	131004	N	Departure note sent to	Directed
30315	131871	N	Postscripted calligraphy or painting of	Directed
30315	264032	K	W	Directed
30315	264033	K	B-	Directed
30327	30326	K	B+	Directed
30328	30327	K	B+	Directed
30334	30335	K	B-	Directed
30334	208955	K	M	Directed
30334	222796	K	F	Directed
30334	222800	K	B+	Directed
30334	222801	K	B+	Directed
30334	222803	K	B-	Directed
30334	222804	K	B-	Directed
30335	222796	K	F	Directed
30335	222797	K	M	Directed
30335	222799	K	B+	Directed
30335	222800	K	B+	Directed
30335	222801	K	B+	Directed
30335	222803	K	B-	Directed
30335	222804	K	B-	Directed
30335	222806	K	B-	Directed
30336	34714	N	Biographer of	Directed
30336	132012	N	wrote preface for the literary works of	Directed
30336	232250	K	F	Directed
30371	30372	K	S	Directed
30371	217726	K	F	Directed
30371	217727	K	M	Directed
30371	217729	K	B-	Directed
30374	30375	K	S (only son)	Directed
30374	99984	N	Taught to	Directed
30374	129106	N	Composed Building inscription for	Directed
30375	30377	K	S1	Directed
30384	30385	K	S	Directed
30385	210356	K	F	Directed
30593	34717	N	Presented literary composition as gift to	Directed
30593	67694	N	Biographer of	Directed
30593	67914	N	Invocation prayer written for	Directed
30593	68527	N	Presented literary composition as gift to	Directed
30593	69011	N	Presented literary composition as gift to	Directed
30593	69088	N	Prefaced book by	Directed
30593	125411	N	Presented literary composition as gift to	Directed
30593	126859	N	Postscripted calligraphy or painting of	Directed
30593	127265	N	praised the political accomplishments of	Directed
30593	128838	N	Biographer of	Directed
30593	129417	N	Biographer of	Directed
30593	129417	N	Presented literary composition as gift to	Directed
30593	129457	N	Biographer of	Directed
30593	129649	N	Presented literary composition as gift to	Directed
30593	129690	N	Presented literary composition as gift to	Directed
30593	129690	N	Composed Building inscription for	Directed
30593	130132	N	Presented literary composition as gift to	Directed
30593	130548	N	Composed Building inscription for	Directed
30593	131158	N	Congratulatory note sent to	Directed
30593	131528	N	Prefaced book by	Directed
30593	131798	N	Presented literary composition as gift to	Directed
30593	132027	N	Presented literary composition as gift to	Directed
30593	132271	N	Presented literary composition as gift to	Directed
30593	133674	N	Presented literary composition as gift to	Directed
30593	133706	N	Presented literary composition as gift to	Directed
30593	312034	K	F	Directed
30593	312035	K	M	Directed
30593	312036	K	W	Directed
30593	312037	K	W2	Directed
30593	312038	K	B+	Directed
30595	272818	K	W	Directed
30595	272819	K	B+	Directed
30595	272820	K	B-	Directed
30596	30595	N	Menren of	Directed
30598	30597	N	Student of	Directed
30598	134697	N	Menren of	Directed
30607	30611	K	S1	Directed
30607	30612	K	S2	Directed
30607	30616	K	W1	Directed
30607	30617	K	W1F	Directed
30607	34713	N	Biographer of	Directed
30607	128304	N	Wrote Biographical sketch (xingzhuang) for	Directed
30607	128474	N	Biographer of	Directed
30607	131962	N	Biographer of	Directed
30616	30607	K	H	Directed
30616	30617	K	F	Directed
30618	34643	N	Wrote Funerary stele for	Directed
30618	68349	N	Departure note sent to	Directed
30618	126976	N	Wrote Biographical sketch (xingzhuang) for	Directed
30618	130963	N	Wrote Biographical sketch (xingzhuang) for	Directed
30618	271098	K	B+	Directed
30618	271099	K	B-	Directed
30618	271100	K	B-	Directed
30619	56579	K	C	Directed
30626	34657	N	wrote preface for the literary works of	Directed
30626	69148	N	Presented literary composition as gift to	Directed
30626	126632	N	Presented literary composition as gift to	Directed
30626	132671	N	Presented literary composition as gift to	Directed
30627	30628	K	SS	Directed
30627	33860	N	Biographer of	Directed
30627	34716	N	Biographer of	Directed
30627	67743	N	Biographer of	Directed
30627	67749	N	Departure note sent to	Directed
30627	68242	N	Biographer of	Directed
30627	68363	N	Congratulatory note sent to	Directed
30627	68457	N	Presented literary composition as gift to	Directed
30627	126321	N	Departure note sent to	Directed
30627	126574	N	Biographer of	Directed
30627	126814	N	Departure note sent to	Directed
30627	128011	N	Departure note sent to	Directed
30627	128288	N	Composed Building inscription for	Directed
30627	129448	N	Departure note sent to	Directed
30627	129563	N	Biographer of	Directed
30627	130402	N	Departure note sent to	Directed
30627	130552	N	Departure note sent to	Directed
30627	130610	N	Departure note sent to	Directed
30627	130610	N	Composed Building inscription for	Directed
30627	131204	N	Presented literary composition as gift to	Directed
30627	131495	N	Biographer of	Directed
30627	131495	N	Departure note sent to	Directed
30627	131560	N	Departure note sent to	Directed
30627	132293	N	Departure note sent to	Directed
30627	133100	N	Departure note sent to	Directed
30627	133152	N	Departure note sent to	Directed
30627	133406	N	Departure note sent to	Directed
30627	296448	K	F	Directed
30627	296449	K	M	Directed
30627	296452	K	B+	Directed
30627	296453	K	B-	Directed
30627	296455	K	B-	Directed
30627	296456	K	B-	Directed
30647	279846	K	W	Directed
30647	279847	K	B+	Directed
30647	279848	K	B-	Directed
30647	279849	K	B-	Directed
30647	279850	K	B-	Directed
30647	279851	K	B-	Directed
30647	279853	K	B-	Directed
30647	279854	K	B-	Directed
30647	279856	K	B-	Directed
30647	279857	K	B-	Directed
30657	30658	K	B-	Directed
30657	55104	N	Served in the same bureau with	Directed
30657	133451	N	Biographer of	Directed
30664	54958	K	K+1(female)	Directed
30664	122665	K	S	Directed
30664	122672	K	SD	Directed
30664	337993	K	F	Directed
30664	337994	K	M	Directed
30664	337999	K	B+	Directed
30664	338000	K	B-	Directed
30664	338001	K	B-	Directed
30664	338002	K	B-	Directed
30664	338003	K	B-	Directed
30667	30668	K	B-	Directed
30668	26218	N	Lamentation prayer written for	Directed
30674	34649	N	Biographer of	Directed
30674	68374	N	Biographer of	Directed
30674	68461	N	Biographer of	Directed
30674	129442	N	Biographer of	Directed
30674	131017	N	Biographer of	Directed
30674	131301	N	Prefaced book by	Directed
30674	131408	N	Biographer of	Directed
30674	132922	N	Wrote Funerary stele for	Directed
30674	133084	N	Biographer of	Directed
30674	283184	K	W	Directed
30676	30679	K	S1	Directed
30676	30680	K	S2	Directed
30676	30681	K	S3	Directed
30676	30682	K	S4	Directed
30676	266978	K	B+	Directed
30679	30676	K	F	Directed
30679	30680	N	Wrote Biographical sketch (xingzhuang) for	Directed
30680	30676	K	F	Directed
30680	30676	N	praised the political accomplishments of	Directed
30680	30681	K	B-	Directed
30680	30682	K	B-	Directed
30680	130827	N	Departure note sent to	Directed
30680	290228	K	F	Directed
30680	290233	K	B+	Directed
30680	291482	K	M	Directed
30680	291483	K	W	Directed
30680	291488	K	S	Directed
30680	291489	K	S	Directed
30681	30241	N	Prefaced book by	Directed
30681	30668	N	Prefaced book by	Directed
30681	30676	K	F	Directed
30681	30679	N	Wrote Biographical sketch (xingzhuang) for	Directed
30681	30680	N	Prefaced book by	Directed
30681	30682	N	Prefaced book by	Directed
30681	30682	K	B-	Directed
30681	34668	N	Prefaced book by	Directed
30681	34673	N	Presented literary composition as gift to	Directed
30681	34700	N	Prefaced book by	Directed
30681	34716	N	Prefaced book by	Directed
30681	68236	N	Postface written for book by	Directed
30681	68363	N	Congratulatory note sent to	Directed
30681	68457	N	Wrote inscription for writings of	Directed
30681	68547	N	Congratulatory note sent to	Directed
30681	125411	N	Congratulatory note sent to	Directed
30681	125413	N	praised the political accomplishments of	Directed
30681	127071	N	Invocation prayer written for	Directed
30681	127530	N	Presented literary composition as gift to	Directed
30681	127606	N	Prefaced book by	Directed
30681	128131	N	Wrote inscription for writings of	Directed
30681	128888	N	Departure note sent to	Directed
30681	129240	N	wrote preface for the literary works of	Directed
30681	129993	N	Temple stele(miaobei) written for	Directed
30681	130118	N	wrote preface for the literary works of	Directed
30681	130832	N	Prefaced book by	Directed
30681	131684	N	Presented literary composition as gift to	Directed
30681	131684	N	Presented literary composition as gift to	Directed
30681	131993	N	Prefaced book by	Directed
30681	132272	N	Presented literary composition as gift to	Directed
30681	132594	N	Presented literary composition as gift to	Directed
30681	132768	N	Presented literary composition as gift to	Directed
30681	133153	N	Presented literary composition as gift to	Directed
30681	290228	K	F	Directed
30681	290229	K	M	Directed
30681	290231	K	W	Directed
30681	290232	K	W2	Directed
30681	290233	K	B+	Directed
30682	30676	K	F	Directed
30682	290228	K	F	Directed
30682	290233	K	B+	Directed
30682	305749	K	M	Directed
30682	305751	K	W	Directed
30689	30691	K	F	Directed
30689	30719	K	W1	Directed
30689	30720	K	W1F	Directed
30691	30689	K	S1	Directed
30691	30690	K	F	Directed
30691	30694	K	S2	Directed
30691	30695	K	S3	Directed
30697	30702	K	F	Directed
30697	30715	K	D1H	Directed
30702	30701	K	F	Directed
30708	30709	K	F	Directed
30708	30711	K	W	Directed
30708	30713	K	S1	Directed
30708	30714	K	S2	Directed
30708	30715	K	S3	Directed
30708	30717	K	S4	Directed
30708	30718	K	S5	Directed
30711	30712	K	F	Directed
30711	30713	K	S	Directed
30712	30722	K	FB	Directed
30713	30601	N	Wrote Funerary stele for	Directed
30713	30689	N	Wrote Funerary stele for	Directed
30713	30708	K	F	Directed
30713	30711	N	Biographer of	Directed
30713	62014	N	Wrote Biographical sketch (xingzhuang) for	Directed
30713	65887	N	Biographer of	Directed
30713	128987	N	Wrote Funerary stele for	Directed
30715	30697	K	WF	Directed
30715	30708	K	F	Directed
30719	30720	K	F	Directed
30734	30754	K	F	Directed
30734	30756	K	B+	Directed
30734	125311	N	Biographer of	Directed
30734	126473	N	Biographer of	Directed
30734	127031	N	Wrote Biographical sketch (xingzhuang) for	Directed
30734	128820	N	Biographer of	Directed
30734	133088	N	Wrote Biographical sketch (xingzhuang) for	Directed
30754	30755	K	S	Directed
30754	30756	K	S	Directed
30847	203003	K	B+	Directed
30847	298235	K	F	Directed
30847	298240	K	B+	Directed
30847	298242	K	B-	Directed
30847	298243	K	B-	Directed
30847	302176	K	M	Directed
30847	302177	K	W	Directed
30847	302180	K	B-	Directed
30849	29578	N	Edited scholarly works of	Directed
30849	29721	N	Prefaced book by	Directed
30849	30185	N	Prefaced book by	Directed
30849	30850	K	S	Directed
30849	34734	N	Biographer of	Directed
30849	34742	N	Wrote Biographical sketch (xingzhuang) for	Directed
30849	34743	N	Wrote Biographical sketch (xingzhuang) for	Directed
30849	34744	N	Prefaced book by	Directed
30849	68454	N	Prefaced book by	Directed
30849	125581	N	Prefaced book by	Directed
30849	126347	N	Prefaced book by	Directed
30849	126603	N	Wrote Biographical sketch (xingzhuang) for	Directed
30849	132172	N	Biographer of	Directed
33171	33173	K	S	Directed
33172	33171	K	F	Directed
33172	33173	K	B-	Directed
33172	33174	K	S2	Directed
33172	55950	K	D3	Directed
33172	55954	K	D	Directed
33174	33172	K	F	Directed
33174	55954	K	Z	Directed
33174	55966	K	WF	Directed
33186	30374	N	Calling received from	Directed
33186	30374	N	Nianpu composed for	Directed
33186	35127	N	aided	Directed
33186	294847	K	F	Directed
33186	294848	K	M	Directed
33186	294849	K	W	Directed
33186	294850	K	B+	Directed
33186	294852	K	B+	Directed
33186	294853	K	B+	Directed
33186	294854	K	B-	Directed
33186	294855	K	B-	Directed
33186	294856	K	B-	Directed
33186	294857	K	S	Directed
33186	294858	K	S	Directed
33186	294859	K	S	Directed
33214	33215	K	F	Directed
33215	33218	K	F	Directed
33217	33218	K	S2	Directed
33218	33217	K	F	Directed
33709	33711	K	SS	Directed
33709	33712	K	SS	Directed
33709	33713	K	SS	Directed
33710	33709	K	FF	Directed
33710	33711	K	B-	Directed
33710	33712	K	B-	Directed
33710	33713	K	FBS	Directed
33710	130219	N	Biographer of	Directed
33711	33712	K	B-	Directed
33711	33713	K	FBS	Directed
33712	33713	K	FBS	Directed
33793	33794	K	S1	Directed
33793	33795	K	S2	Directed
33794	33793	K	F	Directed
33794	33809	K	S1	Directed
33794	33810	K	S2	Directed
33810	33811	K	S	Directed
33821	33822	K	S	Directed
33822	33823	K	S	Directed
33824	33825	K	S	Directed
33827	33828	K	S1	Directed
33827	33831	K	S2	Directed
33827	33835	K	S3	Directed
33827	33836	K	S4	Directed
33827	302475	K	F	Directed
33827	302476	K	M	Directed
33827	302478	K	B+	Directed
33827	302479	K	B+	Directed
33827	302480	K	B+	Directed
33827	302482	K	B+	Directed
33827	302483	K	B+	Directed
33827	302484	K	B+	Directed
33827	302485	K	B-	Directed
33827	302486	K	B-	Directed
33827	302487	K	B-	Directed
33827	302488	K	B-	Directed
33827	302489	K	B-	Directed
33828	33827	K	F	Directed
33828	33829	K	S	Directed
33828	33830	K	S	Directed
33828	128983	N	journeyed with	Directed
33828	311516	K	F	Directed
33828	311517	K	M	Directed
33828	311519	K	W	Directed
33828	311520	K	B-	Directed
33828	311521	K	B-	Directed
33828	311522	K	B-	Directed
33828	311523	K	B-	Directed
33828	311524	K	B-	Directed
33836	33827	K	F	Directed
33841	68210	N	Wrote Biographical sketch (xingzhuang) for	Directed
33841	125411	N	Departure note sent to	Directed
33841	129192	N	Wrote Biographical sketch (xingzhuang) for	Directed
33841	129219	N	Composed Building inscription for	Directed
33841	129471	N	Presented literary composition as gift to	Directed
33841	129852	N	Departure note sent to	Directed
33841	130149	N	wrote colophon for item in collection of	Directed
33841	130981	N	Departure note sent to	Directed
33841	132156	N	Presented literary composition as gift to	Directed
33841	133321	N	wrote preface for the literary works of	Directed
33841	133567	N	Wrote Biographical sketch (xingzhuang) for	Directed
33841	272797	K	W	Directed
33841	272798	K	B+	Directed
33841	272799	K	B+	Directed
33841	272800	K	B+	Directed
33841	272801	K	B+	Directed
33841	272802	K	B+	Directed
33841	272803	K	B+	Directed
33841	272804	K	B+	Directed
33841	272805	K	B-	Directed
33841	272807	K	B-	Directed
33841	272808	K	B-	Directed
33841	272809	K	B-	Directed
33841	272810	K	B-	Directed
33841	272811	K	B-	Directed
33841	272812	K	B-	Directed
33843	33828	N	Presented literary composition as gift to	Directed
33843	33844	K	B-	Directed
33843	33844	N	Wrote Biographical sketch (xingzhuang) for	Directed
33843	33845	K	S	Directed
33843	34728	N	Presented literary composition as gift to	Directed
33843	68215	N	Presented literary composition as gift to	Directed
33843	68303	N	Congratulatory note sent to	Directed
33843	68303	N	Presented literary composition as gift to	Directed
33843	68367	N	Wrote living person shrine inscription for	Directed
33843	68547	N	Prefaced book by	Directed
33843	68548	N	Wrote Funerary stele for	Directed
33843	125584	N	Presented literary composition as gift to	Directed
33843	126676	N	Presented literary composition as gift to	Directed
33843	127221	N	Departure note sent to	Directed
33843	127606	N	Congratulatory note sent to	Directed
33843	127606	N	Presented literary composition as gift to	Directed
33843	128403	N	Departure note sent to	Directed
33843	128954	N	Presented literary composition as gift to	Directed
33843	129162	N	Presented literary composition as gift to	Directed
33843	129727	N	Prefaced book by	Directed
33843	129977	N	Presented literary composition as gift to	Directed
33843	130490	N	Wrote Biographical sketch (xingzhuang) for	Directed
33843	130540	N	Departure note sent to	Directed
33843	130554	N	Presented literary composition as gift to	Directed
33843	131106	N	Prefaced book by	Directed
33843	131106	N	Departure note sent to	Directed
33843	131106	N	Presented literary composition as gift to	Directed
33843	131680	N	Departure note sent to	Directed
33843	131981	N	Presented literary composition as gift to	Directed
33843	133638	N	Wrote Biographical sketch (xingzhuang) for	Directed
33843	133638	N	Presented literary composition as gift to	Directed
33843	135598	N	Wrote Biographical sketch (xingzhuang) for	Directed
33844	331416	K	F	Directed
33844	331417	K	M	Directed
33844	331418	K	W	Directed
33844	331419	K	W2	Directed
33844	331420	K	B+	Directed
33844	331422	K	B+	Directed
33860	28826	N	Presented literary composition as gift to	Directed
33860	30626	N	Prefaced book by	Directed
33860	30674	N	Prefaced geneology of	Directed
33860	33821	N	Departure note sent to	Directed
33860	34634	N	Presented literary composition as gift to	Directed
33860	34637	N	Departure note sent to	Directed
33860	34645	N	Presented literary composition as gift to	Directed
33860	34646	N	Departure note sent to	Directed
33860	67749	N	Wrote Shrine inscription for	Directed
33860	68052	N	Departure note sent to	Directed
33860	68052	N	Wrote School stele for	Directed
33860	68052	N	wrote preface for the literary works of	Directed
33860	68082	N	Biographer of	Directed
33860	68082	N	Wrote Funerary stele for	Directed
33860	68123	N	Departure note sent to	Directed
33860	68133	N	Prefaced book by	Directed
33860	68140	N	Composed Building inscription for	Directed
33860	68192	N	Departure note sent to	Directed
33860	68197	N	Presented literary composition as gift to	Directed
33860	68238	N	Congratulatory note sent to	Directed
33860	68240	N	Congratulatory note sent to	Directed
33860	68246	N	Presented literary composition as gift to	Directed
33860	68255	N	Presented literary composition as gift to	Directed
33860	68255	N	Presented literary composition as gift to	Directed
33860	68256	N	wrote preface to family biography of	Directed
33860	68262	N	Departure note sent to	Directed
33860	68262	N	Presented literary composition as gift to	Directed
33860	68287	N	Departure note sent to	Directed
33860	68295	N	Presented literary composition as gift to	Directed
33860	68300	N	Departure note sent to	Directed
33860	68310	N	Departure note sent to	Directed
33860	68316	N	Composed Building inscription for	Directed
33860	68319	N	Presented literary composition as gift to	Directed
33860	68322	N	Presented literary composition as gift to	Directed
33860	68330	N	Congratulatory note sent to	Directed
33860	68332	N	Presented literary composition as gift to	Directed
33860	68335	N	Prefaced book by	Directed
33860	68335	N	Prefaced book by	Directed
33860	68335	N	Wrote School stele for	Directed
33860	68335	N	wrote preface for the literary works of	Directed
33860	68340	N	Presented literary composition as gift to	Directed
33860	68342	N	Presented literary composition as gift to	Directed
33860	68343	N	Explanation of capping name (zixu or zishuo) composed for	Directed
33860	68358	N	Departure note sent to	Directed
33860	68375	N	Departure note sent to	Directed
33860	68415	N	Departure note sent to	Directed
33860	68482	N	Departure note sent to	Directed
33860	68485	N	Presented literary composition as gift to	Directed
33860	68504	N	Departure note sent to	Directed
33860	68537	N	Presented literary composition as gift to	Directed
33860	99984	N	Presented literary composition as gift to	Directed
33860	99984	N	Presented literary composition as gift to	Directed
33860	125411	N	Temple stele(miaobei) written for	Directed
33860	125413	N	Composed Building inscription for	Directed
33860	126440	N	Wrote inscription for writings of	Directed
33860	126964	N	Departure note sent to	Directed
33860	126976	N	Composed Building inscription for	Directed
33860	127080	N	Presented literary composition as gift to	Directed
33860	127196	N	Biographer of	Directed
33860	127810	N	Presented literary composition as gift to	Directed
33860	127904	N	Presented literary composition as gift to	Directed
33860	128074	N	Biographer of	Directed
33860	128161	N	Composed Building inscription for	Directed
33860	128205	N	Presented literary composition as gift to	Directed
33860	128304	N	Prefaced geneology of	Directed
33860	128323	N	Presented literary composition as gift to	Directed
33860	128571	N	Lamentation prayer written for	Directed
33860	128571	N	Presented literary composition as gift to	Directed
33860	128583	N	Departure note sent to	Directed
33860	128583	N	Departure note sent to	Directed
33860	128853	N	Departure note sent to	Directed
33860	128905	N	Presented literary composition as gift to	Directed
33860	128921	N	Departure note sent to	Directed
33860	128921	N	Prefaced geneology of	Directed
33860	128960	N	Presented literary composition as gift to	Directed
33860	128960	N	Wrote Shrine inscription for	Directed
33860	129103	N	Presented literary composition as gift to	Directed
33860	129192	N	Departure note sent to	Directed
33860	129219	N	Composed Building inscription for	Directed
33860	129342	N	wrote preface for the literary works of	Directed
33860	129442	N	Composed Building inscription for	Directed
33860	129563	N	Departure note sent to	Directed
33860	129570	N	Departure note sent to	Directed
33860	129688	N	Presented literary composition as gift to	Directed
33860	129779	N	Congratulatory note sent to	Directed
33860	130374	N	Presented literary composition as gift to	Directed
33860	130377	N	Prefaced book by	Directed
33860	130389	N	Departure note sent to	Directed
33860	130446	N	Presented literary composition as gift to	Directed
33860	130561	N	Departure note sent to	Directed
33860	130608	N	Departure note sent to	Directed
33860	130608	N	Composed Building inscription for	Directed
33860	130682	N	Presented literary composition as gift to	Directed
33860	130831	N	Presented literary composition as gift to	Directed
33860	130947	N	Departure note sent to	Directed
33860	131191	N	Prefaced book by	Directed
33860	131191	N	Composed Building inscription for	Directed
33860	131267	N	Congratulatory note sent to	Directed
33860	131282	N	Postscripted calligraphy or painting of	Directed
33860	131291	N	Presented literary composition as gift to	Directed
33860	131301	N	Composed Building inscription for	Directed
33860	131355	N	Departure note sent to	Directed
33860	131495	N	Presented literary composition as gift to	Directed
33860	131790	N	Presented literary composition as gift to	Directed
33860	131857	N	Presented literary composition as gift to	Directed
33860	131913	N	Departure note sent to	Directed
33860	131987	N	Departure note sent to	Directed
33860	132005	N	Wrote School stele for	Directed
33860	132005	N	Wrote Shrine inscription for	Directed
33860	132043	N	Departure note sent to	Directed
33860	132286	N	Composed Building inscription for	Directed
33860	132400	N	wrote preface for the literary works of	Directed
33860	132588	N	Departure note sent to	Directed
33860	132700	N	Postscripted calligraphy or painting of	Directed
33860	132700	N	Prefaced geneology of	Directed
33860	132700	N	wrote preface for the literary works of	Directed
33860	132817	N	Departure note sent to	Directed
33860	132829	N	Explanation of capping name (zixu or zishuo) composed for	Directed
33860	132829	N	Prefaced geneology of	Directed
33860	132922	N	Prefaced book by	Directed
33860	132927	N	Departure note sent to	Directed
33860	132927	N	Prefaced geneology of	Directed
33860	133084	N	Departure note sent to	Directed
33860	133084	N	Departure note sent to	Directed
33860	133541	N	Presented literary composition as gift to	Directed
33860	133567	N	Presented literary composition as gift to	Directed
33860	133673	N	Presented literary composition as gift to	Directed
33860	133675	N	Composed Building inscription for	Directed
33869	54130	N	Prefaced book by	Directed
33901	126750	N	Biographer of	Directed
33901	130027	N	Biographer of	Directed
33901	133379	N	Biographer of	Directed
34132	324756	K	F	Directed
34132	324757	K	M	Directed
34132	324760	K	W	Directed
34132	324761	K	B+	Directed
34132	324763	K	B+	Directed
34141	30713	N	Friend of	Directed
34141	34144	K	S4	Directed
34141	34147	K	F	Directed
34144	34141	K	F	Directed
34147	34146	K	F	Directed
34148	34149	K	D4H	Directed
34148	34150	K	D1H	Directed
34148	34151	K	D2H	Directed
34148	34152	K	D3H	Directed
34148	34153	K	D5H	Directed
34148	34161	K	S (only son)	Directed
34148	34167	K	F	Directed
34149	34146	K	F	Directed
34161	34148	K	F	Directed
34166	34167	K	S	Directed
34166	132261	N	Postface written for book by	Directed
34215	34216	K	F	Directed
34219	30595	N	Disciple (dizi) of	Directed
34219	34216	K	DH	Directed
34219	34218	K	F	Directed
34219	34220	K	S	Directed
34219	67928	N	Lamentation prayer written for	Directed
34219	68312	N	Biographer of	Directed
34219	123192	N	Prefaced book by	Directed
34219	125411	N	wrote preface for the literary works of	Directed
34219	128229	N	Biographer of	Directed
34219	128630	N	Composed Building inscription for	Directed
34219	131135	N	Wrote School stele for	Directed
34219	131927	N	Biographer of	Directed
34219	132587	N	Presented literary composition as gift to	Directed
34219	132587	N	praised the political accomplishments of	Directed
34219	208756	K	F	Directed
34219	287338	K	M	Directed
34219	287339	K	W	Directed
34219	287340	K	B-	Directed
34220	208758	K	M	Directed
34220	208760	K	W	Directed
34220	208761	K	B-	Directed
34220	208762	K	B-	Directed
34220	208763	K	B-	Directed
34252	34263	K	F	Directed
34252	123958	N	Wrote Biographical sketch (xingzhuang) for	Directed
34258	34259	K	S	Directed
34258	133667	K	B+	Directed
34258	280673	K	B+	Directed
34258	280674	K	B+	Directed
34258	280676	K	B+	Directed
34258	280677	K	B-	Directed
34258	280678	K	B-	Directed
34258	280679	K	B-	Directed
34258	280680	K	B-	Directed
34258	280681	K	B-	Directed
34258	280682	K	B-	Directed
34258	280683	K	B-	Directed
34258	280684	K	B-	Directed
34258	280685	K	B-	Directed
34258	280687	K	B-	Directed
34258	280688	K	B-	Directed
34259	34260	K	S1	Directed
34259	34261	K	S2	Directed
34259	129208	N	Wrote Biographical sketch (xingzhuang) for	Directed
34259	316068	K	F	Directed
34259	316069	K	M	Directed
34259	316070	K	W	Directed
34259	316071	K	B+	Directed
34260	30184	N	Prefaced book by	Directed
34260	30593	N	Presented literary composition as gift to	Directed
34260	34259	K	F	Directed
34260	34259	N	Wrote Biographical sketch (xingzhuang) for	Directed
34260	34262	K	S1	Directed
34260	34263	K	S2	Directed
34260	65625	N	Presented literary composition as gift to	Directed
34260	125136	N	Presented literary composition as gift to	Directed
34260	127026	N	Departure note sent to	Directed
34260	127887	N	Departure note sent to	Directed
34260	128351	N	Wrote Funerary stele for	Directed
34260	128965	N	Departure note sent to	Directed
34260	129208	N	Prefaced book by	Directed
34260	129894	N	Prefaced book by	Directed
34260	131146	N	Postscripted calligraphy or painting of	Directed
34260	131494	N	Departure note sent to	Directed
34260	216298	K	F	Directed
34260	216299	K	M	Directed
34260	216304	K	B-	Directed
34260	216305	K	B-	Directed
34260	216306	K	B-	Directed
34261	34265	K	S (only son)	Directed
34263	34260	K	F	Directed
34263	34264	K	S1	Directed
34265	34261	K	F	Directed
34287	34288	K	F	Directed
34287	34289	K	S	Directed
34287	322953	K	F	Directed
34287	322954	K	M	Directed
34287	322957	K	B-	Directed
34534	271974	K	W	Directed
34534	271975	K	B+	Directed
34534	271976	K	B+	Directed
34534	271977	K	B+	Directed
34534	271978	K	B+	Directed
34534	271979	K	B+	Directed
34534	437950	K	W1	Directed
34534	437951	K	S	Directed
34534	437952	K	S	Directed
34534	437953	K	S	Directed
34534	437955	K	W2	Directed
34534	437956	K	S4	Directed
34534	437957	K	C	Directed
34534	437958	K	D1	Directed
34534	437961	K	D2	Directed
34534	437963	K	D3	Directed
34543	274623	K	B-	Directed
34543	274624	K	B-	Directed
34543	274625	K	B-	Directed
34543	274626	K	B-	Directed
34543	274627	K	B-	Directed
34543	274628	K	B-	Directed
34614	34615	K	B-	Directed
34614	34619	K	S	Directed
34620	34614	K	F	Directed
34620	34619	K	B+	Directed
34620	34621	K	S	Directed
34620	34622	K	S	Directed
34620	314193	K	F	Directed
34620	314196	K	M	Directed
34620	314198	K	B+	Directed
34620	314199	K	B+	Directed
34620	314200	K	B-	Directed
34620	314201	K	B-	Directed
34620	314202	K	B-	Directed
34620	314203	K	B-	Directed
34620	314204	K	B-	Directed
34620	314205	K	B-	Directed
34624	30315	N	Departure note sent to	Directed
34624	30315	N	Congratulatory note sent to	Directed
34624	30315	N	Presented literary composition as gift to	Directed
34624	34626	K	S	Directed
34624	68023	N	Prefaced book by	Directed
34624	68240	N	Departure note sent to	Directed
34624	126860	N	Departure note sent to	Directed
34624	127040	N	Departure note sent to	Directed
34624	263978	K	W	Directed
34624	263979	K	B+	Directed
34624	263980	K	B+	Directed
34624	263982	K	B-	Directed
34627	263845	K	W	Directed
34627	263846	K	B+	Directed
34631	30315	N	Presented literary composition as gift to	Directed
34631	33841	N	Presented literary composition as gift to	Directed
34631	33860	N	Presented literary composition as gift to	Directed
34631	34633	K	SS	Directed
34631	34700	N	Departure note sent to	Directed
34631	67942	N	Explanation of capping name (zixu or zishuo) composed for	Directed
34631	68197	N	Presented literary composition as gift to	Directed
34631	68280	N	Wrote living person shrine inscription for	Directed
34631	68292	N	Departure note sent to	Directed
34631	68312	N	Explanation of capping name (zixu or zishuo) composed for	Directed
34631	68312	N	Invocation prayer written for	Directed
34631	68316	N	Presented literary composition as gift to	Directed
34631	126421	N	Congratulatory note sent to	Directed
34631	126599	N	Biographer of	Directed
34631	126743	N	Departure note sent to	Directed
34631	126982	N	Departure note sent to	Directed
34631	127408	N	Departure note sent to	Directed
34631	127866	N	Presented literary composition as gift to	Directed
34631	128749	N	Biographer of	Directed
34631	130980	N	Composed Building inscription for	Directed
34631	131402	N	Departure note sent to	Directed
34631	133152	N	Presented literary composition as gift to	Directed
34631	269338	K	W	Directed
34631	269340	K	B+	Directed
34631	269341	K	B-	Directed
34631	269342	K	B-	Directed
34631	269343	K	B-	Directed
34631	269344	K	B-	Directed
34631	269345	K	B-	Directed
34631	269346	K	B-	Directed
34631	269347	K	B-	Directed
34634	122849	K	W2	Directed
34634	269643	K	W	Directed
34634	269644	K	W2	Directed
34634	269645	K	B-	Directed
34637	34637	N	Biographer of	Directed
34637	269408	K	W	Directed
34638	34639	K	B-	Directed
34638	34640	K	FBS	Directed
34639	275246	K	B-	Directed
34639	275249	K	B-	Directed
34639	275251	K	B-	Directed
34639	275254	K	B-	Directed
34639	275256	K	B-	Directed
34643	34644	K	B-	Directed
34645	68255	N	praised the political accomplishments of	Directed
34645	68310	N	Presented literary composition as gift to	Directed
34645	68330	N	Presented literary composition as gift to	Directed
34645	68348	N	Departure note sent to	Directed
34645	123183	K	D	Directed
34645	126440	N	Prefaced book by	Directed
34645	126440	N	Composed Building inscription for	Directed
34645	126857	N	Prefaced book by	Directed
34645	127141	N	Departure note sent to	Directed
34645	127408	N	Prefaced book by	Directed
34645	127408	N	Departure note sent to	Directed
34645	127842	N	Presented literary composition as gift to	Directed
34645	129563	N	Composed Building inscription for	Directed
34645	130404	N	wrote preface for the literary works of	Directed
34645	130588	N	wrote preface for the literary works of	Directed
34645	201857	K	B-	Directed
34645	269779	K	W	Directed
34645	269780	K	B+	Directed
34645	269781	K	B+	Directed
34645	269782	K	B+	Directed
34645	269784	K	B+	Directed
34645	269785	K	B-	Directed
34645	269787	K	B-	Directed
34645	269788	K	B-	Directed
34645	269789	K	B-	Directed
34645	269790	K	B-	Directed
34646	67927	N	Prefaced book by	Directed
34646	68132	N	Presented literary composition as gift to	Directed
34646	68132	N	Presented literary composition as gift to	Directed
34646	68242	N	Presented literary composition as gift to	Directed
34646	68242	N	Presented literary composition as gift to	Directed
34646	68258	N	Presented literary composition as gift to	Directed
34646	130193	N	Congratulatory note sent to	Directed
34646	130193	N	Congratulatory note sent to	Directed
34646	130523	N	Presented literary composition as gift to	Directed
34646	131191	N	Congratulatory note sent to	Directed
34646	270245	K	W	Directed
34646	270246	K	B-	Directed
34647	130018	N	Departure note sent to	Directed
34647	202413	K	S	Directed
34647	271633	K	W	Directed
34647	271634	K	B+	Directed
34647	271635	K	B+	Directed
34647	271636	K	B+	Directed
34647	271637	K	B-	Directed
34647	287717	K	S	Directed
34647	437911	K	SS	Directed
34647	437912	K	SS	Directed
34647	437913	K	C	Directed
34647	437915	K	C	Directed
34647	437916	K	S	Directed
34647	437920	K	SS	Directed
34649	28825	N	Postface written for book by	Directed
34649	30315	N	Prefaced book by	Directed
34649	30315	N	Wrote Portrait eulogy for	Directed
34649	30595	N	Prefaced book by	Directed
34649	30668	N	Prefaced book by	Directed
34649	34543	N	Prefaced book by	Directed
34649	34658	N	Presented literary composition as gift to	Directed
34649	68052	N	Prefaced book by	Directed
34649	68052	N	Presented literary composition as gift to	Directed
34649	68052	N	praised the political accomplishments of	Directed
34649	68056	N	Presented literary composition as gift to	Directed
34649	68194	N	praised the political accomplishments of	Directed
34649	68197	N	Presented literary composition as gift to	Directed
34649	68246	N	Prefaced book by	Directed
34649	68246	N	Congratulatory note sent to	Directed
34649	68292	N	Presented literary composition as gift to	Directed
34649	68293	N	Presented literary composition as gift to	Directed
34649	68294	N	Prefaced book by	Directed
34649	68294	N	Presented literary composition as gift to	Directed
34649	68326	N	praised the political accomplishments of	Directed
34649	68330	N	Wrote School stele for	Directed
34649	68337	N	Wrote Funerary stele for	Directed
34649	68477	N	Presented literary composition as gift to	Directed
34649	68477	N	Presented literary composition as gift to	Directed
34649	68485	N	Presented literary composition as gift to	Directed
34649	69276	N	Prefaced book by	Directed
34649	125411	N	Prefaced book by	Directed
34649	125411	N	Wrote Funerary stele for	Directed
34649	126556	N	Presented literary composition as gift to	Directed
34649	126599	N	Wrote School stele for	Directed
34649	126692	N	Presented literary composition as gift to	Directed
34649	126716	N	Postface written for book by	Directed
34649	126988	N	Wrote Shrine inscription for	Directed
34649	127525	N	Wrote School stele for	Directed
34649	127536	N	Postface written for book by	Directed
34649	127810	N	Departure note sent to	Directed
34649	127930	N	Prefaced book by	Directed
34649	127930	N	Biographer of	Directed
34649	128596	N	Postface written for book by	Directed
34649	128596	N	Presented literary composition as gift to	Directed
34649	128999	N	Presented literary composition as gift to	Directed
34649	129463	N	Composed Building inscription for	Directed
34649	129562	N	Biographer of	Directed
34649	129562	N	Wrote Biographical sketch (xingzhuang) for	Directed
34649	129562	N	Presented literary composition as gift to	Directed
34649	129562	N	Composed Building inscription for	Directed
34649	130018	N	Composed Building inscription for	Directed
34649	130149	N	Charitable estate stele written for	Directed
34649	130377	N	Prefaced book by	Directed
34649	130728	N	Wrote School stele for	Directed
34649	130832	N	Presented literary composition as gift to	Directed
34649	130930	N	Wrote School stele for	Directed
34649	131022	N	Presented literary composition as gift to	Directed
34649	131191	N	Prefaced book by	Directed
34649	131191	N	Charitable estate stele written for	Directed
34649	131191	N	wrote colophon to the record of conduct of	Directed
34649	131469	N	Presented literary composition as gift to	Directed
34649	132242	N	Biographer of	Directed
34649	132602	N	praised the political accomplishments of	Directed
34649	133100	N	Presented literary composition as gift to	Directed
34649	133576	N	wrote preface for the literary works of	Directed
34649	133688	N	Composed Building inscription for	Directed
34649	272723	K	W	Directed
34649	272724	K	B-	Directed
34649	272725	K	B-	Directed
34652	125411	N	Presented literary composition as gift to	Directed
34652	126247	N	Departure note sent to	Directed
34652	127072	N	Presented literary composition as gift to	Directed
34652	129506	N	Departure note sent to	Directed
34652	130402	N	Presented literary composition as gift to	Directed
34652	130981	N	Biographer of	Directed
34652	131507	N	Presented literary composition as gift to	Directed
34655	68070	N	Departure note sent to	Directed
34655	68343	N	Departure note sent to	Directed
34655	130208	N	Presented literary composition as gift to	Directed
34657	67304	N	Departure note sent to	Directed
34657	118846	K	W	Directed
34657	128905	N	wrote preface for the literary works of	Directed
34657	275720	K	W	Directed
34657	275721	K	B-	Directed
34657	275722	K	B-	Directed
34657	275723	K	B-	Directed
34657	275724	K	B-	Directed
34657	275725	K	B-	Directed
34657	275726	K	B-	Directed
34657	275727	K	B-	Directed
34660	34652	N	Departure note sent to	Directed
34660	34652	N	Departure note sent to	Directed
34660	68242	N	Wrote Funerary stele for	Directed
34660	68242	N	Wrote Funerary stele for	Directed
34660	129120	N	wrote preface for the literary works of	Directed
34660	131071	N	praised the political accomplishments of	Directed
34660	131071	N	praised the political accomplishments of	Directed
34660	280578	K	W	Directed
34660	280579	K	W2	Directed
34660	280580	K	B-	Directed
34660	280581	K	B-	Directed
34660	280582	K	B-	Directed
34660	280583	K	B-	Directed
34660	280584	K	B-	Directed
34660	280585	K	B-	Directed
34663	34664	K	F	Directed
34663	34665	K	B-	Directed
34663	68192	N	Prefaced book by	Directed
34663	68313	N	Presented literary composition as gift to	Directed
34663	127125	N	Presented literary composition as gift to	Directed
34663	128596	N	Composed Building inscription for	Directed
34663	129944	N	Wrote Shrine inscription for	Directed
34663	132339	N	Departure note sent to	Directed
34663	132600	N	Composed Building inscription for	Directed
34663	281561	K	W	Directed
34663	281562	K	B-	Directed
34663	281563	K	B-	Directed
34663	281565	K	B-	Directed
34663	281566	K	B-	Directed
34664	34665	K	S	Directed
34664	34666	K	FFBSS	Directed
34667	270232	K	B+	Directed
34667	270233	K	B+	Directed
34667	270234	K	B+	Directed
34668	34667	K	F	Directed
34668	34669	K	B-	Directed
34668	279537	K	B+	Directed
34668	279538	K	B+	Directed
34668	279539	K	B+	Directed
34668	279540	K	B+	Directed
34668	279541	K	B+	Directed
34668	279543	K	B+	Directed
34668	279544	K	B+	Directed
34668	279545	K	B-	Directed
34669	34667	K	F	Directed
34669	325987	K	F	Directed
34669	325992	K	B+	Directed
34669	325993	K	B+	Directed
34669	325994	K	B-	Directed
34669	325995	K	B-	Directed
34669	325998	K	B-	Directed
34673	34631	N	Prefaced book by	Directed
34673	34637	N	Prefaced book by	Directed
34673	34677	K	S1	Directed
34673	34678	K	S2	Directed
34673	34679	K	S3	Directed
34673	34687	K	BS	Directed
34673	123147	K	D	Directed
34673	128853	N	Departure note sent to	Directed
34677	34680	K	S	Directed
34678	34673	K	F	Directed
34678	34673	N	Wrote Biographical sketch (xingzhuang) for	Directed
34678	34681	K	S	Directed
34680	34683	K	S	Directed
34681	34692	K	S	Directed
34682	34680	K	F	Directed
34682	34683	K	B-	Directed
34682	34684	K	S1	Directed
34682	34685	K	S2	Directed
34687	34688	K	SS	Directed
34692	118005	K	D	Directed
34693	34692	K	F	Directed
34693	118005	K	Z-	Directed
34697	34638	N	Departure note sent to	Directed
34697	34699	K	B+	Directed
34697	127712	N	Prefaced book by	Directed
34697	129613	N	wrote preface for the literary works of	Directed
34697	131022	N	Presented literary composition as gift to	Directed
34697	131857	N	Presented literary composition as gift to	Directed
34697	132528	N	Prefaced book by	Directed
34698	67526	N	Wrote Biographical sketch (xingzhuang) for	Directed
34700	30241	N	Composed Building inscription for	Directed
34700	34643	N	wrote preface for the literary works of	Directed
34700	34663	N	Prefaced book by	Directed
34700	68257	N	Departure note sent to	Directed
34700	68261	N	Departure note sent to	Directed
34700	68294	N	Prefaced book by	Directed
34700	68363	N	Prefaced book by	Directed
34700	68383	N	Wrote Shrine inscription for	Directed
34700	68475	N	Presented literary composition as gift to	Directed
34700	125136	N	Departure note sent to	Directed
34700	127125	N	Biographer of	Directed
34700	127516	N	Departure note sent to	Directed
34700	127945	N	Wrote Biographical sketch (xingzhuang) for	Directed
34700	128378	N	Wrote School stele for	Directed
34700	128596	N	Prefaced book by	Directed
34700	128682	N	Departure note sent to	Directed
34700	128682	N	Wrote Biographical sketch (xingzhuang) for	Directed
34700	128761	N	Postscripted calligraphy or painting of	Directed
34700	129099	N	Presented literary composition as gift to	Directed
34700	129206	N	Departure note sent to	Directed
34700	129206	N	praised the political accomplishments of	Directed
34700	129206	N	praised the political accomplishments of	Directed
34700	129216	N	Departure note sent to	Directed
34700	129216	N	Composed Building inscription for	Directed
34700	129444	N	Wrote Biographical sketch (xingzhuang) for	Directed
34700	129444	N	Presented literary composition as gift to	Directed
34700	130778	N	Prefaced book by	Directed
34700	130915	N	Biographer of	Directed
34700	131022	N	Presented literary composition as gift to	Directed
34700	131282	N	Prefaced book by	Directed
34700	131616	N	Wrote Biographical sketch (xingzhuang) for	Directed
34700	131857	N	Congratulatory note sent to	Directed
34700	131942	N	Prefaced geneology of	Directed
34700	132774	N	praised the political accomplishments of	Directed
34700	133218	N	Prefaced book by	Directed
34700	133630	N	wrote preface for the literary works of	Directed
34700	133673	N	Presented literary composition as gift to	Directed
34701	26218	N	Wrote Biographical sketch (xingzhuang) for	Directed
34701	34673	N	Presented literary composition as gift to	Directed
34701	68448	N	Departure note sent to	Directed
34702	30374	N	Prefaced book by	Directed
34702	30374	N	Composed Building inscription for	Directed
34702	30374	N	Composed Building inscription for	Directed
34702	30374	N	Composed Building inscription for	Directed
34702	33186	N	Presented literary composition as gift to	Directed
34702	33186	N	Composed Building inscription for	Directed
34702	34663	N	Wrote School stele for	Directed
34702	34703	K	F	Directed
34702	67928	N	Biographer of	Directed
34702	68082	N	Prefaced book by	Directed
34702	68282	N	Prefaced book by	Directed
34702	68282	N	Wrote Biographical sketch (xingzhuang) for	Directed
34702	68288	N	Prefaced book by	Directed
34702	68288	N	Presented literary composition as gift to	Directed
34702	68298	N	Prefaced book by	Directed
34702	68298	N	Prefaced book by	Directed
34702	68298	N	Prefaced geneology of	Directed
34702	68298	N	Presented literary composition as gift to	Directed
34702	68319	N	Presented literary composition as gift to	Directed
34702	68325	N	Prefaced book by	Directed
34702	68325	N	Wrote Biographical sketch (xingzhuang) for	Directed
34702	68448	N	Wrote Biographical sketch (xingzhuang) for	Directed
34702	68483	N	Presented literary composition as gift to	Directed
34702	69142	N	Presented literary composition as gift to	Directed
34702	123685	N	Wrote School stele for	Directed
34702	126814	N	Presented literary composition as gift to	Directed
34702	127516	N	Departure note sent to	Directed
34702	128090	N	Presented literary composition as gift to	Directed
34702	130774	N	Wrote School stele for	Directed
34702	131243	N	Presented literary composition as gift to	Directed
34702	131243	N	Presented literary composition as gift to	Directed
34702	131282	N	Prefaced book by	Directed
34702	132043	N	Prefaced book by	Directed
34702	132043	N	Presented literary composition as gift to	Directed
34702	132587	N	Presented literary composition as gift to	Directed
34702	132788	N	Lamentation prayer written for	Directed
34702	133285	N	Presented literary composition as gift to	Directed
34702	133285	N	Composed Building inscription for	Directed
34702	287313	K	F	Directed
34702	287314	K	M	Directed
34702	287315	K	W	Directed
34702	287316	K	B-	Directed
34702	287317	K	B-	Directed
34704	68476	N	Biographer of	Directed
34704	68487	N	Biographer of	Directed
34704	129357	N	Biographer of	Directed
34704	288427	K	M	Directed
34704	288428	K	W	Directed
34704	288432	K	B+	Directed
34705	34706	K	S1	Directed
34705	34707	K	S2	Directed
34705	34708	K	S3	Directed
34705	282195	K	B+	Directed
34705	282198	K	B+	Directed
34705	282199	K	B-	Directed
34705	282200	K	B-	Directed
34705	282201	K	B-	Directed
34705	282202	K	B-	Directed
34705	282203	K	B-	Directed
34705	282204	K	B-	Directed
34706	30674	N	Disciple (dizi) of	Directed
34706	34705	K	F	Directed
34707	320791	K	F	Directed
34707	320792	K	M	Directed
34707	320794	K	B+	Directed
34707	320795	K	B-	Directed
34707	320798	K	B-	Directed
34707	320799	K	B-	Directed
34707	320800	K	B-	Directed
34710	34712	N	Lamentation prayer written for	Directed
34710	68288	N	Prefaced book by	Directed
34710	68547	N	Presented literary composition as gift to	Directed
34710	124375	N	Departure note sent to	Directed
34710	124375	N	Congratulatory note sent to	Directed
34710	124375	N	Presented literary composition as gift to	Directed
34710	125136	N	Presented literary composition as gift to	Directed
34710	129845	N	Presented literary composition as gift to	Directed
34710	129986	N	Departure note sent to	Directed
34710	130210	N	Presented literary composition as gift to	Directed
34710	131859	N	Departure note sent to	Directed
34710	132043	N	Presented literary composition as gift to	Directed
34710	133063	N	Presented literary composition as gift to	Directed
34710	295078	K	F	Directed
34710	295079	K	M	Directed
34710	295081	K	B+	Directed
34710	295082	K	B-	Directed
34711	297751	K	F	Directed
34711	297752	K	M	Directed
34711	297753	K	W	Directed
34711	297754	K	B+	Directed
34711	297755	K	B+	Directed
34711	297756	K	B+	Directed
34711	297758	K	B+	Directed
34712	68471	N	Prefaced book by	Directed
34712	127536	N	Departure note sent to	Directed
34712	128613	N	Departure note sent to	Directed
34712	129240	N	Postscripted calligraphy or painting of	Directed
34712	131942	N	Congratulatory note sent to	Directed
34712	295410	K	F	Directed
34712	295411	K	M	Directed
34712	295412	K	W	Directed
34712	295413	K	B-	Directed
34712	295414	K	B-	Directed
34712	295415	K	B-	Directed
34712	295416	K	B-	Directed
34712	295417	K	B-	Directed
34713	301382	K	F	Directed
34713	301383	K	M	Directed
34713	301384	K	W	Directed
34713	301385	K	B+	Directed
34713	301386	K	B+	Directed
34713	301387	K	B+	Directed
34713	301388	K	B-	Directed
34713	301389	K	B-	Directed
34713	301390	K	B-	Directed
34713	301391	K	B-	Directed
34713	301393	K	B-	Directed
34714	34717	N	Departure note sent to	Directed
34714	34717	N	Departure note sent to	Directed
34714	34717	N	Presented literary composition as gift to	Directed
34714	34725	N	Departure note sent to	Directed
34714	35065	N	Friend of	Directed
34714	68356	N	Biographer of	Directed
34714	69148	N	Biographer of	Directed
34714	69152	N	Departure note sent to	Directed
34714	129663	N	Departure note sent to	Directed
34714	129886	N	Departure note sent to	Directed
34714	129886	N	Wrote School stele for	Directed
34714	131926	N	Departure note sent to	Directed
34714	133522	N	Departure note sent to	Directed
34714	308422	K	F	Directed
34714	308424	K	M	Directed
34714	308425	K	W	Directed
34714	308426	K	B+	Directed
34714	308427	K	B+	Directed
34714	308429	K	B-	Directed
34714	308430	K	B-	Directed
34715	306522	K	F	Directed
34715	306525	K	W	Directed
34715	306526	K	B+	Directed
34716	34815	K	BS	Directed
34716	34816	K	S1	Directed
34716	34817	K	S2	Directed
34716	118497	K	W	Directed
34716	308598	K	F	Directed
34716	308599	K	M	Directed
34716	308600	K	W	Directed
34716	308601	K	B+	Directed
34716	308602	K	B+	Directed
34717	29605	N	Prefaced book by	Directed
34717	29605	N	Prefaced book by	Directed
34717	29605	N	Presented literary composition as gift to	Directed
34717	29605	N	Presented literary composition as gift to	Directed
34717	30184	N	Biographer of	Directed
34717	30241	N	Biographer of	Directed
34717	30374	N	Biographer of	Directed
34717	30668	N	Prefaced book by	Directed
34717	30681	N	Prefaced book by	Directed
34717	30681	N	wrote preface for the literary works of	Directed
34717	30847	N	Biographer of	Directed
34717	33828	N	Presented literary composition as gift to	Directed
34717	33828	N	Presented literary composition as gift to	Directed
34717	33844	N	Wrote Funerary stele for	Directed
34717	33901	N	Prefaced book by	Directed
34717	33901	N	wrote preface for the literary works of	Directed
34717	34259	N	Wrote Funerary stele for	Directed
34717	34259	N	Presented literary composition as gift to	Directed
34717	34631	N	Wrote Portrait eulogy for	Directed
34717	34657	N	Prefaced book by	Directed
34717	34668	N	Prefaced book by	Directed
34717	34673	N	Biographer of	Directed
34717	34706	N	wrote preface for the literary works of	Directed
34717	34714	N	Biographer of	Directed
34717	34714	N	Presented literary composition as gift to	Directed
34717	34714	N	Presented literary composition as gift to	Directed
34717	34714	N	wrote preface for the literary works of	Directed
34717	34716	N	Wrote Biographical sketch (xingzhuang) for	Directed
34717	34718	K	F	Directed
34717	34719	K	B-	Directed
34717	34719	N	Wrote Biographical sketch (xingzhuang) for	Directed
34717	34723	N	Prefaced book by	Directed
34717	34725	N	Prefaced book by	Directed
34717	34725	N	Temple stele(miaobei) written for	Directed
34717	34732	N	Departure note sent to	Directed
34717	34736	K	S	Directed
34717	34737	N	Prefaced book by	Directed
34717	34737	N	Biographer of	Directed
34717	34738	N	Biographer of	Directed
34717	35065	N	Friend of	Directed
34717	35065	N	Departure note sent to	Directed
34717	35112	N	Prefaced book by	Directed
34717	35112	N	Presented literary composition as gift to	Directed
34717	35262	N	Prefaced book by	Directed
34717	67158	N	Biographer of	Directed
34717	68194	N	Biographer of	Directed
34717	68211	N	Wrote Funerary stele for	Directed
34717	68211	N	Presented literary composition as gift to	Directed
34717	68211	N	Presented literary composition as gift to	Directed
34717	68213	N	Biographer of	Directed
34717	68266	N	Biographer of	Directed
34717	68290	N	Wrote Biographical sketch (xingzhuang) for	Directed
34717	68303	N	Biographer of	Directed
34717	68303	N	Wrote Biographical sketch (xingzhuang) for	Directed
34717	68313	N	Wrote Funerary stele for	Directed
34717	68315	N	Departure note sent to	Directed
34717	68324	N	Biographer of	Directed
34717	68338	N	Biographer of	Directed
34717	68358	N	Wrote Portrait eulogy for	Directed
34717	68454	N	Prefaced book by	Directed
34717	68457	N	Wrote Funerary stele for	Directed
34717	68502	N	Departure note sent to	Directed
34717	68547	N	Prefaced book by	Directed
34717	68547	N	Biographer of	Directed
34717	68547	N	Congratulatory note sent to	Directed
34717	68547	N	Wrote Biographical sketch (xingzhuang) for	Directed
34717	69011	N	Biographer of	Directed
34717	69113	N	Wrote Funerary stele for	Directed
34717	69140	N	Postscripted calligraphy or painting of	Directed
34717	69251	N	Biographer of	Directed
34717	123662	N	wrote preface for the literary works of	Directed
34717	124733	N	Prefaced book by	Directed
34717	124733	N	Biographer of	Directed
34717	124850	N	Congratulatory note sent to	Directed
34717	124850	N	Presented literary composition as gift to	Directed
34717	124886	N	Departure note sent to	Directed
34717	124886	N	praised the political accomplishments of	Directed
34717	124886	N	praised the political accomplishments of	Directed
34717	125049	N	Congratulatory note sent to	Directed
34717	125049	N	praised the political accomplishments of	Directed
34717	125077	N	Wrote Funerary stele for	Directed
34717	125185	N	Congratulatory note sent to	Directed
34717	125185	N	Presented literary composition as gift to	Directed
34717	125185	N	Presented literary composition as gift to	Directed
34717	125185	N	Presented literary composition as gift to	Directed
34717	125411	N	Biographer of	Directed
34717	125523	N	Biographer of	Directed
34717	125523	N	Wrote Shrine inscription for	Directed
34717	126305	N	Wrote Funerary stele for	Directed
34717	126439	N	Departure note sent to	Directed
34717	126516	N	Prefaced book by	Directed
34717	126534	N	Prefaced book by	Directed
34717	126534	N	Presented literary composition as gift to	Directed
34717	126579	N	Prefaced book by	Directed
34717	126579	N	Wrote living person shrine inscription for	Directed
34717	126631	N	Departure note sent to	Directed
34717	126642	N	Prefaced book by	Directed
34717	126838	N	Wrote Biographical sketch (xingzhuang) for	Directed
34717	126851	N	Departure note sent to	Directed
34717	126867	N	Wrote Portrait eulogy for	Directed
34717	126886	N	Departure note sent to	Directed
34717	126991	N	Buddhist temple stele written for	Directed
34717	127365	N	Prefaced book by	Directed
34717	127523	N	Biographer of	Directed
34717	127523	N	wrote preface for the literary works of	Directed
34717	127530	N	Presented literary composition as gift to	Directed
34717	127530	N	Presented literary composition as gift to	Directed
34717	127593	N	Biographer of	Directed
34717	127593	N	Wrote Portrait eulogy for	Directed
34717	127987	N	Prefaced book by	Directed
34717	128111	N	wrote preface for the literary works of	Directed
34717	128158	N	Wrote Funerary stele for	Directed
34717	128264	N	Prefaced book by	Directed
34717	128301	N	Biographer of	Directed
34717	128346	N	wrote preface for the literary works of	Directed
34717	128456	N	Wrote Funerary stele for	Directed
34717	128766	N	Presented literary composition as gift to	Directed
34717	128766	N	Presented literary composition as gift to	Directed
34717	128775	N	Biographer of	Directed
34717	128788	N	Presented literary composition as gift to	Directed
34717	129208	N	Prefaced book by	Directed
34717	129364	N	wrote preface for the literary works of	Directed
34717	129726	N	Biographer of	Directed
34717	129828	N	Departure note sent to	Directed
34717	129886	N	Prefaced book by	Directed
34717	129983	N	Departure note sent to	Directed
34717	130076	N	Biographer of	Directed
34717	130530	N	Departure note sent to	Directed
34717	130530	N	Presented literary composition as gift to	Directed
34717	130746	N	Biographer of	Directed
34717	130797	N	Prefaced book by	Directed
34717	130921	N	Biographer of	Directed
34717	131001	N	Biographer of	Directed
34717	131029	N	Biographer of	Directed
34717	131052	N	Presented literary composition as gift to	Directed
34717	131106	N	Departure note sent to	Directed
34717	131144	N	Prefaced book by	Directed
34717	131163	N	Biographer of	Directed
34717	131268	N	Departure note sent to	Directed
34717	131505	N	Presented literary composition as gift to	Directed
34717	131505	N	Presented literary composition as gift to	Directed
34717	131510	N	Biographer of	Directed
34717	131542	N	wrote preface for the literary works of	Directed
34717	131543	N	Prefaced book by	Directed
34717	131543	N	wrote preface for the literary works of	Directed
34717	131753	N	Departure note sent to	Directed
34717	132133	N	Prefaced book by	Directed
34717	132140	N	Biographer of	Directed
34717	132148	N	Departure note sent to	Directed
34717	132158	N	Biographer of	Directed
34717	132158	N	Presented literary composition as gift to	Directed
34717	132272	N	Presented literary composition as gift to	Directed
34717	132351	N	Biographer of	Directed
34717	132351	N	Biographer of	Directed
34717	132594	N	Presented literary composition as gift to	Directed
34717	132908	N	Prefaced book by	Directed
34717	132908	N	Prefaced book by	Directed
34717	132923	N	Wrote Funerary stele for	Directed
34717	133102	N	Presented literary composition as gift to	Directed
34717	133119	N	Prefaced book by	Directed
34717	133206	N	Presented literary composition as gift to	Directed
34717	133209	N	Departure note sent to	Directed
34717	133460	N	Prefaced book by	Directed
34717	133488	N	Biographer of	Directed
34717	133488	N	Biographer of	Directed
34717	133522	N	Biographer of	Directed
34717	133710	N	wrote preface for the literary works of	Directed
34717	134660	K	S2	Directed
34717	309375	K	F	Directed
34717	309376	K	M	Directed
34717	309377	K	W	Directed
34717	309378	K	B+	Directed
34717	309379	K	B+	Directed
34717	309380	K	B+	Directed
34717	309381	K	B-	Directed
34717	309382	K	B-	Directed
34719	34706	N	Departure note sent to	Directed
34719	34718	K	F	Directed
34719	68211	N	Presented literary composition as gift to	Directed
34719	68547	N	Congratulatory note sent to	Directed
34719	69113	N	praised the political accomplishments of	Directed
34719	125077	N	Presented literary composition as gift to	Directed
34719	125185	N	Congratulatory note sent to	Directed
34719	125584	N	Congratulatory note sent to	Directed
34719	126854	N	Biographer of	Directed
34719	129886	N	Biographer of	Directed
34719	129886	N	Congratulatory note sent to	Directed
34719	130281	N	Biographer of	Directed
34719	130797	N	Departure note sent to	Directed
34719	132158	N	Congratulatory note sent to	Directed
34719	136069	K	S	Directed
34719	325414	K	F	Directed
34719	325415	K	M	Directed
34719	325416	K	W	Directed
34719	325417	K	B+	Directed
34719	325419	K	B+	Directed
34719	325420	K	B+	Directed
34719	325422	K	B+	Directed
34719	325423	K	B+	Directed
34720	34716	N	Biographer of	Directed
34720	34721	K	F	Directed
34720	34721	N	Family history (jiazhuan) composed for	Directed
34720	34722	K	S	Directed
34720	68213	N	Presented literary composition as gift to	Directed
34720	68424	N	Prefaced book by	Directed
34720	124343	N	Presented literary composition as gift to	Directed
34720	126387	N	Presented literary composition as gift to	Directed
34720	126822	N	Biographer of	Directed
34720	126890	N	Departure note sent to	Directed
34720	126890	N	Departure note sent to	Directed
34720	126890	N	Departure note sent to	Directed
34720	128983	N	Presented literary composition as gift to	Directed
34720	128983	N	Presented literary composition as gift to	Directed
34720	128983	N	Wrote School stele for	Directed
34720	129883	N	Departure note sent to	Directed
34720	130252	N	Departure note sent to	Directed
34720	130492	N	Presented literary composition as gift to	Directed
34720	132325	N	Presented literary composition as gift to	Directed
34720	133421	N	Departure note sent to	Directed
34720	309648	K	M	Directed
34720	309649	K	W	Directed
34720	309650	K	B+	Directed
34720	309652	K	B+	Directed
34720	309653	K	B+	Directed
34720	309654	K	B+	Directed
34720	309655	K	B+	Directed
34720	309656	K	B+	Directed
34720	309657	K	B+	Directed
34720	309658	K	B+	Directed
34720	309659	K	B-	Directed
34720	309660	K	B-	Directed
34720	309661	K	B-	Directed
34720	309664	K	B-	Directed
34721	279550	K	W	Directed
34721	279551	K	B+	Directed
34721	279552	K	B-	Directed
34721	279554	K	B-	Directed
34721	279555	K	B-	Directed
34721	279556	K	B-	Directed
34721	279557	K	B-	Directed
34724	69235	N	Wrote Biographical sketch (xingzhuang) for	Directed
34725	126740	N	Presented literary composition as gift to	Directed
34725	127141	N	Prefaced book by	Directed
34725	129068	N	Wrote living person shrine inscription for	Directed
34725	129886	N	Presented literary composition as gift to	Directed
34725	132217	N	Prefaced book by	Directed
34725	132527	N	Presented literary composition as gift to	Directed
34725	132672	N	Prefaced book by	Directed
34725	311714	K	F	Directed
34725	311715	K	M	Directed
34725	311716	K	W	Directed
34725	311717	K	B-	Directed
34726	34710	N	Biographer of	Directed
34726	68216	N	Biographer of	Directed
34726	68496	N	Biographer of	Directed
34726	129063	N	Biographer of	Directed
34726	131135	N	Biographer of	Directed
34726	131401	N	Biographer of	Directed
34726	131848	N	Wrote Biographical sketch (xingzhuang) for	Directed
34726	132101	N	Biographer of	Directed
34726	319433	K	F	Directed
34726	319434	K	M	Directed
34726	319435	K	W	Directed
34726	319436	K	B-	Directed
34726	319437	K	B-	Directed
34726	319438	K	B-	Directed
34728	127733	N	Wrote living person shrine inscription for	Directed
34728	128170	N	Presented literary composition as gift to	Directed
34728	128170	N	wrote preface for the literary works of	Directed
34728	130508	N	Departure note sent to	Directed
34728	131238	N	Prefaced book by	Directed
34728	132155	N	Wrote Funerary stele for	Directed
34728	330262	K	F	Directed
34728	330263	K	M	Directed
34728	330265	K	W	Directed
34728	330266	K	W2	Directed
34728	330267	K	B+	Directed
34728	330268	K	B+	Directed
34728	330269	K	B+	Directed
34728	330270	K	B+	Directed
34728	330271	K	B+	Directed
34728	330272	K	B-	Directed
34728	330273	K	B-	Directed
34728	330274	K	B-	Directed
34728	330276	K	B-	Directed
34728	330277	K	B-	Directed
34732	125582	N	Departure note sent to	Directed
34732	126634	N	Congratulatory note sent to	Directed
34732	127793	N	Departure note sent to	Directed
34732	128322	N	Departure note sent to	Directed
34732	129078	N	Biographer of	Directed
34732	129341	N	Departure note sent to	Directed
34732	129794	N	Prefaced book by	Directed
34732	129869	N	Presented literary composition as gift to	Directed
34732	131147	N	Presented literary composition as gift to	Directed
34732	330859	K	F	Directed
34732	330860	K	M	Directed
34732	330861	K	W	Directed
34732	330862	K	B-	Directed
34733	34734	K	S	Directed
34733	127760	N	Wrote Biographical sketch (xingzhuang) for	Directed
34733	128017	N	Wrote Biographical sketch (xingzhuang) for	Directed
34733	133472	N	Wrote Biographical sketch (xingzhuang) for	Directed
34733	331710	K	F	Directed
34733	331712	K	M	Directed
34733	331714	K	W	Directed
34733	331715	K	W2	Directed
34733	331716	K	W2	Directed
34733	331717	K	B+	Directed
34733	331718	K	B-	Directed
34733	331719	K	B-	Directed
34733	331720	K	B-	Directed
34733	331721	K	B-	Directed
34733	331723	K	B-	Directed
34734	29578	N	Edited scholarly works of	Directed
34737	125049	N	Wrote Funerary stele for	Directed
34737	127006	N	Wrote Funerary stele for	Directed
34738	34673	N	Postscripted calligraphy or painting of	Directed
34738	67159	N	wrote preface for the literary works of	Directed
34738	128788	N	Postscripted calligraphy or painting of	Directed
34738	129081	N	Biographer of	Directed
34738	130570	N	Departure note sent to	Directed
34738	130570	N	wrote preface for the literary works of	Directed
34738	131925	N	Departure note sent to	Directed
34738	132614	N	Biographer of	Directed
34740	128637	N	Biographer of	Directed
34740	129349	N	praised the political accomplishments of	Directed
34740	129437	N	Departure note sent to	Directed
34740	130203	N	Prefaced book by	Directed
34740	130786	N	praised the political accomplishments of	Directed
34740	132851	N	Prefaced book by	Directed
34740	132851	N	Prefaced geneology of	Directed
34741	123637	N	Departure note sent to	Directed
34741	126490	N	Prefaced book by	Directed
34741	126646	N	Wrote Biographical sketch (xingzhuang) for	Directed
34741	129118	N	Departure note sent to	Directed
34741	132958	N	Congratulatory note sent to	Directed
34741	133462	N	Presented literary composition as gift to	Directed
34741	134565	N	Presented literary composition as gift to	Directed
34741	216357	K	F	Directed
34741	216360	K	M	Directed
34741	216362	K	B+	Directed
34741	216363	K	B+	Directed
34741	216364	K	B+	Directed
34742	30593	N	Congratulatory note sent to	Directed
34742	30593	N	Congratulatory note sent to	Directed
34742	33843	N	Wrote Shrine inscription for	Directed
34742	33843	N	Wrote Shrine inscription for	Directed
34742	34728	N	Presented literary composition as gift to	Directed
34742	34743	N	Prefaced book by	Directed
34742	34743	N	Discussed scholarship with	Directed
34742	34743	K	B-	Directed
34742	34743	N	Biographer of	Directed
34742	34743	N	Biographer of	Directed
34742	34747	N	Presented literary composition as gift to	Directed
34742	34747	N	Presented literary composition as gift to	Directed
34742	35127	N	Composed Building inscription for	Directed
34742	65960	N	Wrote School stele for	Directed
34742	124055	N	Presented literary composition as gift to	Directed
34742	124895	N	Wrote School stele for	Directed
34742	124967	N	Wrote School stele for	Directed
34742	125581	N	Prefaced book by	Directed
34742	126347	N	Prefaced book by	Directed
34742	126473	N	Presented literary composition as gift to	Directed
34742	126750	N	Prefaced book by	Directed
34742	126750	N	Wrote Shrine inscription for	Directed
34742	127025	N	Wrote School stele for	Directed
34742	127025	N	Wrote School stele for	Directed
34742	127621	N	Prefaced book by	Directed
34742	127733	N	Prefaced book by	Directed
34742	127733	N	Congratulatory note sent to	Directed
34742	127733	N	Presented literary composition as gift to	Directed
34742	127733	N	Presented literary composition as gift to	Directed
34742	127733	N	Wrote School stele for	Directed
34742	128245	N	Presented literary composition as gift to	Directed
34742	128245	N	Presented literary composition as gift to	Directed
34742	128789	N	Presented literary composition as gift to	Directed
34742	128789	N	Presented literary composition as gift to	Directed
34742	128789	N	Wrote School stele for	Directed
34742	128789	N	Wrote inscription for writings of	Directed
34742	128819	N	Presented literary composition as gift to	Directed
34742	128819	N	Presented literary composition as gift to	Directed
34742	128994	N	Prefaced book by	Directed
34742	128994	N	Prefaced book by	Directed
34742	129413	N	Wrote School stele for	Directed
34742	129545	N	Wrote inscription for writings of	Directed
34742	129728	N	Wrote School stele for	Directed
34742	131294	N	Prefaced book by	Directed
34742	131538	N	Biographer of	Directed
34742	131961	N	Biographer of	Directed
34742	131961	N	Prefaced geneology of	Directed
34742	131961	N	Prefaced geneology of	Directed
34742	132061	N	Wrote School stele for	Directed
34742	132061	N	Wrote School stele for	Directed
34742	132476	N	Prefaced book by	Directed
34742	132864	N	Wrote School stele for	Directed
34742	133325	N	Biographer of	Directed
34742	133398	N	Friend of	Directed
34742	133460	N	Lamentation prayer written for	Directed
34742	133460	N	Lamentation prayer written for	Directed
34742	133460	N	Lamentation prayer written for	Directed
34742	133460	N	Lamentation prayer written for	Directed
34742	133710	N	Wrote School stele for	Directed
34742	133710	N	Wrote School stele for	Directed
34742	218655	K	F	Directed
34742	218656	K	M	Directed
34742	218657	K	W	Directed
34742	218660	K	B+	Directed
34742	218661	K	B+	Directed
34742	218663	K	B-	Directed
34743	218655	K	F	Directed
34743	218660	K	B+	Directed
34743	218661	K	B+	Directed
34743	229336	K	M	Directed
34743	229337	K	W	Directed
34743	229341	K	S	Directed
34744	125516	N	Prefaced book by	Directed
34744	126461	N	Biographer of	Directed
34744	128198	N	Composed Building inscription for	Directed
34744	128327	N	Biographer of	Directed
34744	128983	N	Prefaced book by	Directed
34744	129128	N	Biographer of	Directed
34744	129349	N	Wrote School stele for	Directed
34744	130172	N	Biographer of	Directed
34744	130628	N	Biographer of	Directed
34744	132554	N	Prefaced book by	Directed
34745	232509	K	F	Directed
34746	34744	N	Prefaced book by	Directed
34746	34744	N	Prefaced book by	Directed
34746	34744	N	Congratulatory note sent to	Directed
34746	34747	N	Prefaced book by	Directed
34746	34747	N	Wrote inscription for writings of	Directed
34746	60004	N	Wrote School stele for	Directed
34746	60004	N	Wrote living person shrine inscription for	Directed
34746	60202	N	Composed Building inscription for	Directed
34746	128245	N	Prefaced book by	Directed
34746	129728	N	Prefaced book by	Directed
34746	131178	N	Prefaced book by	Directed
34746	131178	N	Prefaced book by	Directed
34746	132078	N	praised the political accomplishments of	Directed
34746	132436	N	Composed Building inscription for	Directed
34746	132823	N	Postface written for book by	Directed
34746	232633	K	F	Directed
34747	29721	N	Wrote Shrine inscription for	Directed
34747	30385	N	Wrote Shrine inscription for	Directed
34747	33843	N	Biographer of	Directed
34747	33843	N	Biographer of	Directed
34747	34702	N	Prefaced book by	Directed
34747	34702	N	wrote preface for the literary works of	Directed
34747	34744	N	Prefaced book by	Directed
34747	65804	N	Presented literary composition as gift to	Directed
34747	65804	N	Presented literary composition as gift to	Directed
34747	99984	N	Prefaced book by	Directed
34747	124310	N	Wrote Biographical sketch (xingzhuang) for	Directed
34747	124310	N	Presented literary composition as gift to	Directed
34747	124930	N	Wrote Biographical sketch (xingzhuang) for	Directed
34747	125585	N	Biographer of	Directed
34747	125585	N	Departure note sent to	Directed
34747	125585	N	Presented literary composition as gift to	Directed
34747	126653	N	Prefaced book by	Directed
34747	126653	N	Prefaced book by	Directed
34747	127026	N	Departure note sent to	Directed
34747	127173	N	Biographer of	Directed
34747	127629	N	Prefaced book by	Directed
34747	127919	N	Biographer of	Directed
34747	128376	N	Wrote School stele for	Directed
34747	128376	N	Wrote School stele for	Directed
34747	128406	N	Prefaced book by	Directed
34747	128511	N	Prefaced book by	Directed
34747	128789	N	Wrote School stele for	Directed
34747	128797	N	Prefaced book by	Directed
34747	128797	N	Biographer of	Directed
34747	128797	N	Presented literary composition as gift to	Directed
34747	129330	N	Prefaced book by	Directed
34747	129988	N	Wrote Shrine inscription for	Directed
34747	130335	N	Prefaced book by	Directed
34747	131250	N	Prefaced book by	Directed
34747	131250	N	Biographer of	Directed
34747	131370	N	Prefaced book by	Directed
34747	131816	N	Biographer of	Directed
34747	132059	N	Prefaced book by	Directed
34747	132478	N	Prefaced book by	Directed
34747	132680	N	Departure note sent to	Directed
34747	133087	N	Prefaced book by	Directed
34747	133519	N	Prefaced book by	Directed
34747	133519	N	Prefaced book by	Directed
34747	217451	K	F	Directed
34747	217452	K	M	Directed
34747	217453	K	W	Directed
34747	217454	K	W2	Directed
34747	217455	K	B+	Directed
34747	217456	K	B+	Directed
34747	217457	K	B-	Directed
34747	217458	K	B-	Directed
34747	217460	K	B-	Directed
34747	217461	K	B-	Directed
34747	217462	K	B-	Directed